username,text,label
divisipublikasu,Ernanda &amp; bung towel.,0
KilasViralll,@SiaranBolaLive @GOAL_ID Bung towel itu siapa? Kok kayanya ngga ngerti apa apa tp banyak bicara ya,0
Ravico27,@ainurohman TOWEL emang anjing,1
yupiexoticmango,Mas ernanda ini suruh temenan aja ama bung towel wkwkwk,0
0xIpur,@yudhidwi_ wkwkwkkw 2 manusia kontol ernanda x towel,1
Adhikatama1,@SiaranBolaLive Inilah hasil kerja manajemen tolol dan amatiran dr @PSSI bisa-nya cuma urus selebrasi2 gak penting macam Jersey launching kemaren.. @erickthohir @AryaSinulingga @akmalmarhali @bung_towel,1
nggrhwnprmn,Coba bayangin reaksinya bung towel,0
hafiizdn,Sangat menyesal gw pernah mengidolakan Towel sebagai komentator bola. Kesini2 malah jadi goblok.,1
ridhoikhsan_s,Bung towel terjebak dilema ,0
Con_D_0riano,@indosupporter Towel anjing,1
Blekiiihensem,towel = tolol dan bawel 1000% valid,1
alexandreOvanov,@_bhayuajie_ @gilabola_ina Ada bung. Jan pieter zoen towel,0
debatmadridID,@BungTowel #toweltolol,1
shutupbitchhh_h,@BolaBolaAja TOWEL TOLOL ANJING KONTOL IDIOT BANGSAT,1
tangsanhammer,Towel towel anjing,1
Willy_andrianst,Sia anjing ih kunaon towel,1
demiara,Bung Towel mau lawan orang yang gemesin begini ya kalah jauh.,0
henkun1975,@halodandan7 @SiaranBolaLive Bisa gak sih bung towel dinaturalisasi sama Kamerun..soalnya ribet bat orangnya,0
mrakyatbiasa,@GOAL_ID Bung towel aja suruh jadi pelatih U16 bisa gak,0
bapakbapakfunny,@MafiaWasit Boleh asal pernah Juara Piala Dunia. Komentarnya bung towel,0
Muhamma8244975,@wasit_liga @kemalpalevi Towel anjing,1
orang_miiskin,@MafiaWasit Emang kontol towel,1
brothermckenzie,@SiaranBolaLive bung towel,0
methaprasetio,@mildandaru ayo nda ndang di buka konspirasi bung towel siap mbeber kloso iki.,0
ramadhika99,@indosupporter Towel bangsat sampah!!,1
ao_rora68201,@BungTowel perasaan komentator bola kalo ada gol pasti teriak what a game wonderful hohoho dan seterusnya. sampah banget lu wel ,0
rizkifaahreza,@7ckngNeg @panditfootball Towel asem bgt bangsat mukanya,1
mrwakb,@Lodeh_kluweh @idextratime @diarioas Bung towel,0
ErwinSatriani,@GOAL_ID Wartawannya baik timnasnya juga baik. Lagian ngapain podcast ngasih panggung bung towel bikin gaduh aja.,0
TioFarizki,2 ORANG KONTOL TOWEL ERNANDA BANGSAT,1
_bangkutaman1,@gilabola_ina Sederhana dan tapi bung towel marah,0
vgros_,Jangan lupa bersyukur dan menghina bung towel anjing,1
e_fandi_mas,@aptisk10 @SiaranBolaLive Akun fakenya bung towel pasti ini,0
watonyangkem,@SiaranBolaLive Fakhri karo towel bajingan rupamu ko kontol,1
m_iqbalhrs,opini yang bagus bung towel sekarang waktunya mendirikan ulang KPSI sesuai delusionalmu itu?,0
JoelThama,TOWEL VS EVERYBODY mental tuh org kuat kali hampir setahun masi aja kokoh dgn prinsip nya emng tolol,1
bidjioka00,@bahaspemainbola @Sport77Official Tipikal pemain santai disuruh main winger tolol amat towal towel kontol udh gitu maksa banget Asnawi main kalo arhan masih oke lahhh walaupun kalo udh ada Calvin gw lebih milih dia,1
akupendengarmu,@GOAL_ID Bung Towel makin kesini makin julid ga perlu dikasih panggung kalo masih jadi komentator julid,0
H3lmiRon4ldo,@SonyAndrio @BungTowel Banyak BACOT di Bung HANDUK a.k.a TOWEL...,1
zanuratharyanto,@SiaranBolaLive @GOAL_ID Towel anjing bulan ramadhan bikin kisruh aja nih orang tolong si towel dibelenggu dong,1
Arrazzi9,@MafiaWasit Marah marah mulu ni bung towel,0
alv6662,@gilabola_ina towel goblok bgt asli,1
yudhistiira,@7ckngNeg @panditfootball Towel = tolol wellwellwell,1
rangga_agung16,@DimassAnggoroo Towel goblok,1
irfanzayo,Towel ini terlihat jelas kalo dia bisnis titip pemain ke timnas. Kita tau lah dia dedengkot kompetisi usia muda macem liga topskor. Sejak STY dateng bisnis titip pemain mandek. Emang dasar penghianat bangsat. Selama ini yg bikin prestasi timnas gak berkembanh yaa mereka.,1
pucuktribun,Kemunculan Bung Towel akhir-akhir ini adalah untuk memberikan bukti bahwa Coach Justin tidak seburuk yang kita pikirkan.,0
spaceraikou,@indosupporter towel anjing towel anjing,1
Dylanarrifqi1,Lagi iseng nontonin debatnya Mamat sama Towel. Ini antara gua yang goblok atau Towel yang terlalu pinter. Gua gabisa nilai wkwkwk. Ada part dimana gua rasa dia bener.. tapi saat ada yang ga masuk akal cukup keras kepala juga mempertahankan argumennya wkwk. Jd keliatan ngarang,1
raevindr,@unagurl Banyak mulai dari kebutuhan 1 bulan bed sheet towel buat wajah toples baskom aksesoris kamar mandi dan satu set bantal dan guling (ini gara2 diskon bajingan),1
lostfin17,@GOAL_ID BACOT AJG SIA TOWEL PENGHAMBAT KALAU LU GASUKA SAMA ORANGNYA LANGSUNG DM AJA AJG AJAK SPARING,1
revo_litas,@GOAL_ID Bung towel kontol,1
AmiRandaaaa,@CoachJustinL Jadi fans bung towel sih coach harus nya sama dengarin cerita halu dari capres yang gagal,0
heysuto,@BungTowel Janji gak lapor ke polisi dan gandeng pengacara kalo digoreng netijen?,0
GilangR19102120,@The_RedsIndo Towel anjing.udah jaman canggih pemikiran masih purba,1
vanssTzy,@TextDariFarel Wts 2s Bung Towel 200jt atau Tukar Supra bapakk,0
Dyy_karS,@Gils4everybody @adoomme @nathanaelafuk @utdfocusid @bliblidotcom Maklum aja di pengisap kontol towel ,1
harihariheri,@ainurohman klo saya sih masih melihat apa yang bung towel sampaikan sebagai saran (klo tidak bisa disebut kritik) positif. wajar saja sih menurutku,0
Awanglocs,towel anjing,1
forgoodpleasure,@indosupporter Lemes bgt towel bangsat ini,1
watonyangkem,@andi1_muhammad @suroto1985 @GOAL_ID Towel bajingan itu kan?,1
Almarhum13,@medioclubID @idn_abroad @bung_towel wel lu nggak bisa bedain naturalisasi sama diaspora ya wel ? Goblok bener wel,1
rskuntowiyoga,bung Towel naik karena ada yg nanya. jadi yg suka mancing yg sebenernya harus ditanya maksudnya apa. -,0
txtdrzami,@SiaranBolaLive @GOAL_ID Bung towel nyari panggung .. Kritiknya tidak membangun dan skrg sudah tidak objektif,0
bukansingaaa,@rizalputrzs @indosupporter Awoakwokaowka towel goblok,1
nndikap,@idextratime Pokoknya towel kontol,1
yanuarrdm13,@SiaranBolaLive @GOAL_ID Cpt mati towel kontol,1
alfienson,@GOAL_ID mending @BungTowel jadi pelatih indo aja biar ga banyak omong,0
sulungg__,@BungTowel Suporter vietnam bung,0
rudalmudrik,@MovixLite @gilabola_ina Coba di spawn org nya @BungTowel,0
chanenuttz,@SonyAndrio @BungTowel Towel anjing kau anjingggggh â€,1
FarisWahyudi_,Lagian perihal perpanjangan kontrak STY ngapain nanya ke bung towel si emangnya bung towel HRD,0
Awanglocs,@GOAL_ID towel anjing,1
grgskim,Kapan lagi bantai nguyen Towel anjing,1
ryan_ires,@Ogisurya21 @ardibhironx @SiaranBolaLive Maksudnya kontol nya d towel atau kontol si towel om ???? ,1
rudalmudrik,@medioclubID Gimana komentar bung handuk @BungTowel,0
agusthabebek,Bung towel makin lama bukan makin kritis namun makin membenci STY. Ada orang begini ya? ,0
aaenggie,Pansos aja itu @BungTowel. Lagi jaga relevansi dia sebagai komentator lawas yang ingin tetap diperhitungkan di kancah persepakbolaan moderen. Dia sedang coba sentuh pecinta bola lawas yg masih gandrung dengan timnas saat ini agar merek ngeh bahwa dia still alive.,0
ipoelamri,Bung towel itu singkatan kan? Setauku namanya Tommy Welly kn dlu srg muncul di RCTI,0
akunbijak11,@faz_hrp Gak bisa deh pemain titipan gw masuk.towel kontol bangsat,1
wahyunulis,Dpr nya bung towel dpd nya koh jastin dan MK nya jonru bwang,0
watonyangkem,@KepaArgawinata7 Keluarga ne si towel iki mesti. Towel bajingan,1
mangkleke,@medioclubID @t10nugroho @HadiGunawan1306 Towel goblok,1
zulodd,bro udh terlampau egois Bung Towel versi jersey ini mah,0
janganmangvt,@binlatif @panditfootball Gini2 aja gimana mksdnya bang? Lu sependapat sama bung towel?,0
BintangR1998,@GOAL_ID takut pemain titipanya bung towel gak bisa masuk timnas ,0
FJARR_,@idextratime bung Towel karo Ernanda (Erspo) kongkon bentuk negoro dewe ae cok nyerimpet nyerimpeti uwong ae goblok!,1
Iqbaalkhatami,@MafiaWasit Pola dan teknik permainan yg disukai bung towel mbah,0
srape_,@GOAL_ID Gabisa apa-apa? Pep Guardiola kalo ngelatih pemain lokal yg elo puja-puji juga bisa kena stroke bos @BungTowel,0
takitng,@idextratime @bliblidotcom towel gabisa bacot gol beruntung mampus kntl,1
PawiroFajar,@idextratime Nonton towel d tv one Eti... Anjing banget,1
pacenyong07,@BungTowel Bgmna klo diam aja bung,0
rainbowaltz,@PRIYELLnya2 @BungTowel ,0
benkbenkkkkk,@hatuejawa @FaktaSepakbola Goblok penyepong towel asu,1
raykairi,@ftrrhman_ @SonyAndrio @BungTowel Makanya itu mah akal an dia aja wkwkwk,0
fanasional,coba bilang gitu sambil towel towel kepalanya pake mic towel anjing,1
pnugroho28,@ainurohman Bung Towel bukannya Bung Anduk ya?,0
sashim1trash,@gilabola_ina Cc in bung Towel dong,0
icikiwirrruhuk,@halodandan7 @SiaranBolaLive Bung Towel dan Coach Fahri sangat tidak suka dengan komentar ini.,0
marshallbastian,@mhrdhikadp Kamu pendukungnya Bung Towel yah?,0
HafizhArrr,@GOAL_ID Njajal pep guardiola kon nyekel timnas indonesia seng pemain e pure liga 1 lak yo itaitu towel goblok!,1
abrmjy,@SiaranBolaLive @GOAL_ID tidak apa-apa sebenernya beliau mendukung STY tapi karena pesanan yang bayar harus kritik STY ya gimana lagi. mau bangga pun terlanjur ga suka sm STY malu dong jilat ludah sendiri. kan gitu bung? @BungTowel,0
HAlfredi98345,@IDSPORTSTV Towel artinya tolol dan rewel plus bangsat tidak menghargai kerja keras orang,1
lastcermin,@f0189856420071 @SiaranBolaLive Mati aja lu towel anjir gedek gw astaghfirullah,1
NerCassano,towel : aduhh anjing bikin statement apaan lagi yak buat ngejatuhin STY MAMPUS ANJING LOKAL PRET,1
duwekaja,@ardibhironx @SiaranBolaLive Towel bajingan,1
QeizR,Towel kontol,1
radenafm,@praditavanjava @idextratime towel kontol nyari makan dari pansosssss,1
P_Ginanjar_,@indosupporter Towel kontol,1
jarereza,@MovixLite @gilabola_ina sosok Bung Towel kritik kebijakan STY mirip2 seperti Bung Rocky Gerung kritik kebijakan JKW dulu mirip tapi tak sama. ,0
panggilaja_marr,@Fjrnrm_ @SiaranBolaLive Coba bayangin u punya 125000000000 Bung Towel,0
Awanglocs,intinya si towel tetep anjing dia gasuka liat timnas menang dasar pundit tolol bisanya titipin pemain ke timnas doang,1
MrActinomycetes,sederhana tp bung towel belanda marah,0
Aliarifin22_,@medioclubID @GOAL_ID Di perlukan oposisi bagi STY supaya beliau tambah termotivasi u/ membuktikan bahwa ocehan bung towel yg bawel itu salah. Semoga Timnas segera tembus 100 besar.,0
DeviK87456,@BungTowel Sebenarnya towel ini orang Indonesia atou bukan sih?kok kayaknya GK suka lihat Timnas menang,0
syauqifikri,@GOAL_ID Pak Prabowo kalo mau bungkam seseorang monggo bung towel aja itu dibungkam. Seluruh rakyat Indonesia setuju kok ,0
halahapaansihlo,@BungTowel BACOTTTT ANJING TOWEL,1
Agilnurulzaman0,@ainurohman towel anjing,1
yummyfeels_,@GOAL_ID @BungTowel STY dari ranking 173 sekarang jadi 134. dari gapernah lolos 16 besar jadi lolos 16 besar. di piala asia berani main build up berani pegang bola gak long pass. pakai usia muda beberapa pemain lokal selalu masuk line up. adaptif dalam taktikal.,0
SerieA_Lawas,Bung Towel Bung Towel. Denial banget. Hati-hati kena cancel culture.,0
satriiobudi,@ainurohman Setuju @BungTowel sdh menunjukkan sbg Pembenci/ Hater bkn pengamat/ kritikus. yg sll di sorot hny STY ada masalah personal sptny/ gengsi sj krn sdh msk terlalu dlm? Timnas menang lawan Vietnam gak ad gestur positif aneh ini org sbg warga negara Indonesia yg cinta sepak bola,0
bbiiaan_,@idextratime @bliblidotcom lagi lagi sty pecahin rekor hahaha mampus lo towel anjing,1
cabangpurnamaaa,SEDERHANA TAPI SI TOWEL BANGSAT GAK SUKA,1
alfihihihi,@The_RedsIndo Bung towel mati aja bgsd udah tua juga ngentoddd,1
rofiqabror,@GOAL_ID gausah kasih panggung statement bung towel min biarin aja. lama2 juga redup.,0
Kewerans_Crew,@Miduk17 Bajingan mingkemo asu. Harian mu cuma bisa nyinyirin Jokowi juga. Mulut kau kaya tai sama aja dengan si towel. Bangsat,1
pixikkk,@idextratime @bliblidotcom MAMPUS LU ANJING TOWEL,1
arif8270,@GOAL_ID Masi inget gak bung towel witan gak ngegolin di gawang kosong thailand? Pakai pemain seadanya bsa create peluang bagus tpi finishing pemain yg jelek. Skarg ada naturalisasi baru lancar skemanya,0
izoelsaka,@GOAL_ID Bung towel itu gk mau timnas maju nanti gk bisa ngomentarin kesalahan timnas,0
PrastyaJakka,@indosupporter Penghianat bangsa nih si towel ,1
Onethousand_D,@seniman_bola mari kita cancel bung towel ini di manapun di undang jangan di bikin rame.,0
Kawachiii53,@ainurohman Kenapa bung towel jd aneh?,0
akroy_,@indosupporter towel anjing cocot ae lo,1
suksmasasmita26,@SerieA_Lawas Halah impostor kaya bung towel gak usah diladeni. Kasihan beliau uangnya gak cair gegara gak bisa masukkin pemain titipan. Uppss ,0
Z4pnu477,@idextratime @bliblidotcom MAMAM TUHHH GOL TOWEL BANGSAT ANJING KONTOL,1
ydhionugroho,@idextratime @bliblidotcom woii towel ayo bacot lagi dong bangsattt ,1
MEIGPAPS,Towel di Sport 77 ini emang goblok + tolol,1
djoe_effendy,@tirta_cipeng Bung Towel ,0
hidayatev,@ainurohman Mau tanya bekingannya bung towel dkk Kata Kuncinya : Telusuri aja siapa orang LNM yang masih di Exco dan siapa kawan dia yang punya SSB pemasok pemain timnas U17 sampai U20. Lalu telusuri aja siapa orang yang ingin isu pribumi disingkirkan berkembang di masyarakat,0
maspai_jo,@BungTowel Terus jadi makelar pemain titipannya kapan om?,0
fitriyaniE536,Buat opininya di Nalar TV tapi opini yg di berikan bung Towel malah diluar nalar kek mana ini,0
novaladenyy,@medioclubID @idn_abroad towel kontol bacot,1
masukengine,@medioclubID @idn_abroad towel goblok,1
el__piji,@rskuntowiyoga Bung towel kalo nyerah jadinya Lempar towel,0
Mas_antobaldi,@bahaspemainbola @Sport77Official Bacot lo towel anjing,1
soiziee,saking jagonya timnas ampe lupa sama towel anjing ini wkakakak,1
kuproymillenial,@aldapstsr 7.bung towel,0
Aaaamasaiyaaaaa,@BungTowel Kontol goblok lu towel(kontol klewer),1
coronkkk,@KasoKaka @Hamixam titisan towel tolol dan bawel,1
sperma_ori,@BolaBolaAja Towel babi anjing,1
izoelsaka,@SiaranBolaLive Bung towel skip aja,0
Apaajalah171,@weexendgolfer @meongmeong1996 @BolaBolaAja Ttp aja oposisi juga harus objektif lah klo si towel mah gapantes di bilang oposisi kritikannya dia samasekali ga objektif Uda gitu sarannya juga kadang di luar nalar anj pernah dia ngasi saran buat jadiin fahrihuseini pelatih timnas senior ga objektif banget anjing gitu mah,1
Ranggaraka928,Coba lapor ke Bung Towel Capt siapa tahu Bung Tower bisa menjelaskan mengapa legenda timnas Indonesia ga bisa di akses apa karna pelatihnya ,0
miikanorenji,@GOAL_ID Harusnya bung towel seneng kalo STY perpanjang kontrak dia bisa lebih lama pansosnya,0
SyakierMuhammad,@aguruguss @panjiraden Lebih goblok drpd coach Justin karena lu sama tingkah lakunya macem ernanda TOWEL itu ,1
Lutfiazizi141,@yopi_ah Iya iya iya doang towel kontol,1
iampvh,@medioclubID @t10nugroho @HadiGunawan1306 ini Towel apa Tolol sih? Logikanya aneh bgt,1
juliusbona96,@rajippps @indosupporter Kalo soal koci ama towel LO KAYAK PANTAT TAI KONTOL. Klo ama akmal tahir lo bener,1
satboyyybck,Bung towel mana lu anjing,1
runtukanchicken,@ainurohman Bung towel suruh ngelatih undur2 jalan kedepan aja lah,0
Anakula4,@SiaranBolaLive Emang harga pasar bung towel berapa?,0
AditiyaFebria14,di dunia ini pasti ada aja orang yang kaya bung towel,0
julian_and85219,@PorosHalangID @ManUtd_ID Bung towel haters STY... Bang pat haters onana... Padahal ada positif nya tapi yg di inget cuma negatif nya... ,0
maulananby,@SiaranBolaLive Jangan lupakan saran hangat bung towel hahaha karna dengan saran beliau sty semakin semangat untuk membungkam mulut handuk ,0
d5ckyrahman,@basudewadikara @indosupporter Towel kontol,1
krtmlm,@GOAL_ID tapi jujurly orang seperti bung towel ini diperlukan supaya STY terpacu termotivasi mengerahkan segalanya utk membuktikan bhw yg diucapkan bung towel adalah salah. shg timnas bisa berprestasi.,0
nndikap,@idextratime Wasit kontol Qatar kontol towel kontol,1
fikifauzi18,@MafiaWasit Akun favoritnya bung towel nih,0
kittenndrunk,Towel anjing mending diam,1
shutupbitchhh_h,@SerieA_Lawas BENER ANJING NI ORANG TOWEL BANGSAT KEPARAT NGENTOT BAJINGAN,1
HighlightS2945,@Lodeh_kluweh @idextratime @diarioas bung towel,0
717_map,@idextratime Orang tolol sok ngerti bola ya jadinya si towel itu,1
pengenverif,MANA ANJING TOWEL TOLOLL,1
kingmadrid__,@andisvi @idextratime @TimnasIndonesia Bukan ketolong naturalisasi. Emang pemain lokal gak bisa main bola. Barusan nonton matchÂ² timnas kualifikasu piala dunia brazil. Main timnas kek kontol wkwkk. Itulah gambaran pemain lokal kesayangan towel van kontol,1
donmxra,@rizalputrzs @indosupporter Towel itu TO nya tolol,1
rarawxc,@yopi_ah ini dari puluhan orang dibelakang ga ada yg berani timpukin towel pake kursi bar kah? atau tendang kungfu aja pala nya dari belakang alias gedeg gua liat mukanya anjing,1
Tetsuusan,@idextratime @_pauljoyce Bung towel aja angkut,0
ursotacho,@BungTowel towel kontol,1
kejumesissusu,@ainurohman trus banyak udang yg bilang tApikAN kITa BUtuh OpoSIsI kaYAk BuNg tOWeL bedain opisisi sama pendengki aja gabisa,0
lastthirteen_,Bacot ajig si towel,1
akunbarublek,@GOAL_ID nih towel deportasi aja dah anjing cape gua,1
rifaaii_,@SiaranBolaLive @GOAL_ID Ketik 1 biar bung towel cepet mati,1
seccurell,@UpdateBolabola Asli goblok kalo kontrak STY ga diperpanjang garaÂ² bukan turnamen resmi FIFA gagal penuhi target. Atau janganÂ² bung Towel yang jadi penasihat pribadinya ET,1
sel_ajalah,@medioclubID @t10nugroho @HadiGunawan1306 @BungTowel statement paling goblok dr manusia setengah handuk. towel anj,1
PerihalAngan,towel ni gimik apa beneran tolol ya ,1
wildanlapulga93,@idextratime @bliblidotcom Kita tunggu komentator towel bangsat,1
DistorsiRasa,@BolaBolaAja Towel anjing,1
wahyunulis,Ini lebih menarik daripada koment2nya bung towel x bung maharli bwang?,0
luckysatriab,Mudah2an org ini @BungTowel jd pundit gelandangan terus ,0
4mod_,@ainurohman Periuk nasi bung towel terganggu kah?,0
lvx_hp,@niamjuve @GOAL_ID yang anjing si towel,1
nguyenkhan56,@straderubber @BungTowel EMANG TOLOL TUH SI TOWEL MAH,1
Aditwitjaksono_,Towel iki tau gak seh ndelok liga 1 terus onok a tim liga 1 seng main e enak? Muesti opini goblok seng metu,1
Shiryu_Doragon_,@ignasiusen Wong iki a @BungTowel ?,0
smthwthyou,@ardibhironx @SiaranBolaLive towel ini oposan timnas walau opininya goblok semua,1
angrhrmdni19,@GOAL_ID Tolong malaysia klaim bung towel free,0
FabrizioRohmat,@SiaranBolaLive Yg namanya @BungTowel tolong di naturalisasi sama malaysia dong,0
Aice3146,@idextratime @David_Ornstein aowkwkkwkw fix bung towel pelatih ipuel musim depan @jamoortiram,0
irvannajams,@GOAL_ID @BungTowel puasa2 marai emosi om2 gaguna,0
andika_suleman,@GOAL_ID Sebenernya bung Towel ini siapa sih ya? Hanya pengamat saja atau ada jabatan kah? Seriusan nanya..,0
IkhsanRizkian,@SerieA_Lawas Paling bener ngidolain Bung tewel (Toto tewel elpamas) daripada Bung Towel was https://t.co/7LqgHKUZNR,0
leblanchocolate,@barcastap Towel anjing,1
nzrdn_nr,@CoachJustinL @ernandaputra Koci kalo sama Lia mau tes DNA tolong ajak ernanda sama bung towel.....saya curiga mereka sebenarnya ada hubungan darah,0
dickyoktavianoo,@SiaranBolaLive @GOAL_ID Bung towel ni benci banget sama sty kenapa si?,0
pasticandy,Kategori orang &amp; kelompok yg anti kritik anti satire merasa paling benar &amp; susah dikasi tau A. Kelompok orang: - Pendukung Anies - BLINK (Fans Blackpink) B. Individu: - Towel Bung Han Doek (ngakunya pengamat bola) - Ernanda Putra (Designer magang Erspo),0
yummyfeels_,@GOAL_ID @BungTowel STY gak diperpanjang kemudian masuk pelatih lokal segerbong dengan apa yg lu inginkan. seorang pembenci tetaplah pembenci. susah menerima fakta STY berprestasi dengan mengangkat timnas. STY pencitraan? lu aja yg iri kalau STY dapat sorotan karena prestasi.,0
Awanglocs,@medioclubID @idn_abroad towel anjing,1
sunsmori,@GOAL_ID Towel anjing orang kaya gini jgn disorot terus biar pelan2 mati sendiri,1
indrahasto,Anjing bgt yah tuh Bung Towel... beneran ga seneng lho Indonesia ngegolin... Yg gini ini yg layak disuruh pindah negara...,1
bumblejii,@idextratime sama bung towel,0
indrawhan,@indosupporter kenapa gak ada yg jitak pala bung towel sambil bilang lu negara sendiri menang malah cemberut anjing ,1
Pent1Lp1nk,Tapi towel gak ngakuin kalo kita udah maju :( @BungTowel Apa towel asalnya dari nguyen ya?,0
jeremiatarulii,@indosupporter bung towel kek babi skrng anjing,1
abangnyacamarda,Bung towel anjing emang denial banget haha,1
TheIndoLad,@medioclubID Tapi ada akun Twitternya @BungTowel,0
InfosuporterID,@GOAL_ID Sedikit lebih beda lebih baik daripada sedikit lebih baik Awalnya Bung Towel mungkin makai prinsip itu lama lama bedanya jadi jauh malah lawan arah :),0
Richardtalkk,hahaha titipan lo ga di lirik STY TOWEL GOBLOK,1
faris11jr,@kamil5b Lawan bacotnya aja bung towel tp dikatain streamer ,0
enhayespa,Bung towel nih pernah ketemu coach Shin gak sih? Face to face? Utarakan opini 'berbeda' beliau langsung didepan orangnya jangan lewat media lol.,0
BudiBimCel,@BungTowel Klo pun iya anda posisikan diri anda sbagai komentator sudah selayaknya ketika timnas bermain manang dikandang lawan anda turut bahagia. Saya sangat suka anda laku dipopcast aja buat TV nasional jangan pernah kasih panggung lagi deh buat pengamat tarkam ini,0
ichwank94,@GOAL_ID Bung towel bukan penggemar timnas pastinya!..ga usah didengarlah,0
dwiiandre2603,@SiaranBolaLive Sederhana tapi bikin bung towel dan anda marah wkwk,0
Putraa1923Putra,@BolaBolaAja Bangsat itu towel. Suruh dipindah ke vietnam aja bangke,1
aulianatasyaa,@ainurohman Dulu suka banget analisa Bung Towel kalau timnas main di RCT* atau konten-konten gocek bung towel. Sekarang kok malah begini yaa.,0
xxxsbswan,@GOAL_ID Towel nih asli levelnya udah jatuh jadi pembenci sih pemain keturunan semua rekomendasi sty yang pilih sty yang nyari sampe pelosok Belanda sty tanpa sty federasi dan agen gabisa loby2 mereka goblok.,1
painstation_,Bisa2 nya timnas ngegolin dia gak teriak. Emang iri dengki towel anjing ni,1
septidermen,@BungTowel Towel (Tolol dan rewel),1
MArifPribadi1,@unmagnetism Towel anjing,1
AditiyaGilangF,@RakhaStevhira @medioclubID @idn_abroad Wkwk bung towel mnt d lempar anduk,0
chaniagogogogo,@BolaBolaAja Orang kaya towel ini kalo mati aja bisa gak sih?,1
silvaaa100,@SiaranBolaLive yahh bung sapto mah lawannya sekelas coach justin bukan sekelas bung towel ,0
MuhRifky_S,@Spidermegu @SonyAndrio @BungTowel TOLOL!!! Sebut saja Towel TOLOL mas kaya saya gini loh gausah takut ,1
anzphotoart,@detiksport Hore.... Pov bung towel,0
031_Jkt48,Bung towel iki mending cocok e dodolan tewel ae,0
abdee17,@medioclubID @t10nugroho @HadiGunawan1306 Towel kontol,1
tom_riyanto47,@medioclubID @t10nugroho @HadiGunawan1306 Mungkin inisial namanya lebih pas jika disingkat Tolol bukan Towel.,1
Gustek1312,@thejurgenholic @bliblidotcom Gimana kalo coach fakhri gen nanti u sahabatan sama bung towel &amp; akmal,0
dhimaz_rio2182,@ainurohman Towel sama bung binder enakan bung binder kalau soal komentator,0
Taufik_reza,@idextratime @_pauljoyce Bung towel coba pilih pool..lumayan pilih pemain lokal pride..wkwk,0
baaaatsy,@BungTowel fafifu wasweswos,0
SmittyW53608804,@GOAL_ID @BungTowel ini orang maunya apa si aslinya,0
YunicoArdian,@SiaranBolaLive bung towel makin mencak mencak tuh,0
lutfial_karoni,towel kontol,1
smokeeybbq,towel kontol liat tu anjing. pemain keturunan nih bos!,1
aniblogsan52394,@fnl_691 @joandreko @GOAL_ID makanya heran yang menghujat bung towel. saya yakin bung towel gak begini dulu aja gak begini tapi mungkinb biar beda kayak pandit lain sekaligus dapat atensi ya ambil jalan jadi villain,0
Bayu_Ramadhaan,@indosupporter towel mati sekalian,1
amoeba4669,Bung towel TOLOL PICEK BUDEK hatinya Cox... Asu .. ðŸ‡®ðŸ‡©,1
krenyitbarbar,@FCBarcelona Admin tim lu gajelas wel @BungTowel,0
urkindezz,@idextratime besok kalo si kontol towel ngoceh ngoceh kita gebukin aja dah,1
Senjasore2019,@GOAL_ID bung towel seakan tutup mata dengan capaian STY dan hanya menuntut TROFI. kalo pelatih timnas berpatokan hanya trofi dan trofi yg dikejar AFF noh liat timnas singapura menang 4x AFF tapi nihil dikancar ASIA. semakin kesini semakin ente ini org yg cuma pandai kritik.,0
wayyyyyz,sebenernya bung towel ini siapa ya?? serius nanya dan semua org tau dia trs kenapa dia kek benci gt ke sty???,0
HafizhArrr,@SiaranBolaLive Towel goblok! nek goblok ojo nemen lee,1
ArfinHS,Semakin ke sini bung towel ini opininya semakin ga bermutu. Padahal daridulu dia salah satu pundit yang sangat oke loh. Apa jangan2 dia sengaja didesain untuk jadi public enemy ya supaya supporter tidak terpecah belah dan semua satu suara madep mantep nderek STY ,0
Willy_andrianst,Si towel lemes anjing Sia mah orang bagdad towel,1
CreativeWC85,@BungTowel ngasih prediksi kok nanggung... tuh lihat 3-0 malah....,0
krath___,@BolaBolaAja towel nih anjing juga ya,1
Ko2Ranger,@Cincupaka @utdabout Anak didik Bung Towel sih elu ,0
drunkenmeifter,TOWEL KONTOL,1
Mahardikhaaa,wkwkwkw towel goblok,1
Unggul05627343,@LalajoPersib @davidasilva07 @teddy_tjahjono @glennsugita Harusnya bung towel nynyirin yg kayak gini nich,0
lingzz_18,@manamanama3465 @SiaranBolaLive BACOT SEPONG SONO TITIT TOWEL,1
subiewerk,Bacot towel kontlo,1
tudeebgs,@zaki_irfan26 @arrapradipta @bgshdr @gilabola_ina Bacot lu kacung towel anjing,1
Tumio95,@yopi_ah TOWEL !! KONTOL LA SAMA KAU,1
Vacadayneeded,@medioclubID @t10nugroho @HadiGunawan1306 Towel Tnya Tolol ,1
yourseamonster,@GOAL_ID Bung towel ni goblok namanya team ya pasti bantu sty kau liat aja yg kerjain patung terbesar di Bali ada ratusan seniman tapi hanya 1 seniman yg di sebut goblo,1
IvanFrontNew,@SiaranBolaLive Pekerjaan towel hanya Bacot gtu masih dikasih uang produksi bodoh bener,1
Erlz_,@wahyunulis bung towel itu buat check and balance kayak ganjar pranowo bwang,0
Juventini851,@juvegaristabah Teruntuk bung #Towel tolong kasih data pelatih Timnas Sepakbola Indonesia yg bisa berprestasi atau setidaknya enak ditonton dengan menggunakan pemain natiralisasi? Kalau ada datanya kan jd enak komparisasinya jgn hanya bisa kritik tp nihil solusi ya bung #Towel,0
vermak_lives,@ainurohman Bung towel https://t.co/R8npLig4k9,0
andreasbango,oalah towel goblok,1
hahakiiim,@BolaBolaAja Kalo Mamat ga respect mungkin tambahannya kayak kami gak pernah nonton liga 1 aja bung towel bung towel tolol amat .,1
_Sigit__,Skuad timnas yg dibenci @BungTowel GK: Paes Ernando Adi S CB: Idzes Amat Hubner Baggott Ridho Wahyu P RB: Walsh Asnawi Yasa LB: Nathan Arhan Shayne CM: Haye Jenner Marselino Kambuaya Klok FW: Ragnar Struick *Ole Romeny Egy Witan Sananta Hokky,0
Ombakbirulaut,@ainurohman Baca @BungTowel,0
rayzapratamaa,@medioclubID @GOAL_ID Masih banyak yang bisa dikritik dari STY yang masih relevan. Tapi bung towel malah memilih jalan lain,0
uchiha048,Ini timnas main udah jelek terus kalo kalah besok besok STY di kata katain sama towel gak mau gw belian lagi anjing #TimnasDay #TimnasIndonesia,1
enall_sullivan,@BolaBolaAja towel emang kontol,1
Sepak_Sudut,@ainurohman Iya bkl terus nyari kesalahan coba cek di belakang bung towel siapa yg pengen sty diganti ,0
Rasa_ayem,@SiaranBolaLive Bung towel siap menghadang,0
tbzueyon,Bung towel g bs titip pemain lg aaa kasian aaa,0
OHORGUNIDAS,@GOAL_ID Bung Towel sakit ya?,0
eloenmask,Towel anjing,1
anugrahrezkita,@indrahasto bung towel lebih cocok jadi pelatih vietnam,0
didiags_,Bung towel ini udah bukan pengamat sepakbola . Udah haters Timnas ,0
ale_dp100,STY!!!! Towel goblok dokem udah,1
aaenggie,@ainurohman Pansos aja itu @BungTowel. Lagi jaga relevansi dia sebagai komentator lawas yang ingin tetap diperhitungkan di kancah persepakbolaan moderen. Dia sedang coba sentuh pecinta bola lawas yg masih gandrung dengan timnas saat ini agar merek ngeh bahwa dia still alive.,0
L1LN4N,@id_fm Liat timnas apa liat bung towel?,0
dendynrrchm,@andikadiarsa Pengen kaya bung towel,0
AndiRizwar,@kickedreal @FaktaSepakbola Towel towel kontol.,1
DonnyRestuu,@gilabola_ina towel goblok,1
MulaFebianto,@SiaranBolaLive Lagian bung towel ini siapa sih.. sama aja kyk saya masyarakat biasa.. bukan anggota dewan pengawas timnas.. nenek2 juga bisa kl cuma koman komen komun komin mah... ga usah dianggap lah..,0
wahidalis_,@BolaBolaAja Towel Tolol,1
AdeKurn48034433,@rizalputrzs @indosupporter GOBLOK BANGET TOWEL ITU Nyari jawaban yg jauh dari harapan,1
yanited1878,@tomidepth @X_Tactico Penyepong towel enteng bgt ngmg offside trap. Blok goblok,1
ErwinChelsea2,@idextratime Gw borong mas Eti selusin Tapi dgn syarat bung towel jadikan doi anak patung Pancoran.,0
bakullontong,Jujur gada Bung Towel gada oposisi.,0
irhamirham,Ya Allah tolong pertemukan saya dengan Bung Towel,0
doktaviantoo,@BolaBolaAja Towel goblok. Dengki bgt sama negara sendiri,1
bodoamamat,@id_lgk tau nya pelatih liverpool bung towel,0
abidinalfatah08,Malaysia mau ga yaa kalo ngakuin Bung Towel jadi warga negaranya?,0
herdetya,@muktientut Bung towel nek buko yo langsung wareg masmuk soale kakean fafifu,0
CreativeWC85,@BungTowel untung jadi komentator......kalo jadi suporter pastinya anda menempaatkan diri jadi suporter Vietnam sambil maki2 STY,0
cimorygemoy,@MafiaWasit mendingan goreng juga si towel kontol 11 12 desainer espro ama towel kontol ini,1
Shiryu_Doragon_,@medioclubID Tapi bikin @BungTowel sakit ati...,0
Tuannmuda666,Towel bacot bgt ngentot,1
gopal34301793,@faz_hrp bung towel T nya tolol,1
rayyyyyyy___,@BungTowel towel nama panjangnya tolol well https://t.co/Ijk5gQ2Own,1
ridzaldj,@indrawhan @indosupporter Ngapaiin jitak ? Lempar aja botol beling yang nganggur. Manusia anjing ga usah dikasih panggung blok !! Goblok juga yang ngundang towel setan ini !,1
neveskieee,@Albana55005645 @madridista85362 @bllluueeskyy @BilaCookie @gilabola_ina minimal cari konteksnya dulu goblok dia terbang naik kelas ekonomi yg makanan jarang makanya makan mie instan lagian lu aneh lagi bahas prestasi tiba tiba nyambungnya ke hal ginian wkwkw dasar penyepong towel lo,1
Aryapratam19,Towel towel dasar kontol lu,1
aniblogsan52394,@Acc_everthing @kaegeusk @ainurohman makanya saya semenjak bung towel gini gak pernah kipasin . abaikan eh fans sepak bola indo malah suka menghujat ya jadi makanan empuk buat bung towel.. diundang ke podcast dia dapet duid walau di maki maki wkwk,0
sanzcorleone,@indosupporter towel bangsat ,1
papristant0,@Rifannn3 @afterthelaw @medioclubID @GOAL_ID Iya ketika timnas ngegolin bukannya selebrasi malah merengut gw ngebatin anjing nih orang timnas negeri sendiri ngegolin kok responnya gitu emang paling bener suporter timnas cancel culture si Towel ga usah respon komentar dia kalo perlu pas ketemu di jalan senggol aja.,1
a_onana48,@SerieA_Lawas Bangsat emang towel ini,1
nomor306,@SiaranBolaLive Ini salah satu contoh dahsyatnya fitnah yg terjadi saat ini tujuan bung towel mengkritisi timnas Indonesia itu baik namun banyak dipelintir org2/buzzer2 sehingga setiap yg dia katakan seolah-olah dia membenci timnas dan sty pdhl dia hnya memberikan kritikan.,0
DikoMasir,@NUgarislucu Suwe-suwe koyo Bung Towel min ketikanmu,0
roten_indonesia,@panditfootball Timnas kesayangan Bung Towel,0
IMPURlT1ES,Beef antara Bung Towel dan STY sejatinya adalah Bill Simmons-Doc Rivers dengan kearifan lokal,0
dimasb__,@GOAL_ID Berlindung dibalik kata2 pemarin keturunan sakjane wis sengit weki wel towel @BungTowel,0
narcobra,Semua kekerasan dilarang di Indonesia kecuali ngidak2 cengel e bung Towel,0
zathijaudaun,@SiaranBolaLive Bung Sapto dibandingin ama Nguyen Van Towel ma jauh..yang ini ulasannya tajam objektif dan cerdas..yang ono ma nyinyir aja bisanya.,0
ParkirSenayan,@SiaranBolaLive @GOAL_ID Semakin dikasih panggung semakin banyak dia dapat spotlight semakin banyak uang yg dia terima.. Bung @BungTowel yang terhormat lebih bijak jika anda bergerak dibidang yg anda geluti saat ini yaitu profesi anda sebagai pemuka agama,0
thffmm,Bung Towel itu cuma cari engagement aja sih cukup jgn kasi panggung,0
Raihan1266811,@utdfocusid @bliblidotcom Pasti itu bung towel,0
bram_ibr,@ainurohman Tapi jadi laku tiap ada berita timnas atau STY media nyari bung Towel terus buat ngejar engagement,0
afrezalf,@samuelbramantyo Bung towel mah hayang indonesia menang ngan embung sty nu ngalatih soalna isuna teu bisa nitip pemaen,0
prrasty,@homeofkhalifah @SiaranBolaLive Buzzer bung towel nyari engagement dg cara yg tidak tepat,0
bayuskak77,@ainurohman Jadi penasaran kenapa nguyen handuk segitu bencinya beda dengan kualitas bung towel beberapa tahun lalu :(,0
kuzharie,@BungTowel mending gausah pake sportcaster analis atau apalah semua yang kamu ucapkan juga tidak relevan. Kamu udah masuk pembenci bukan analis atau bahkan netral.,0
bhaskorojoyo,@ainurohman @arsenalskitchen Kita butuh org spt bung towel,0
AlehandroCrist3,@medioclubID @idn_abroad BACOT TOWEL KONTOL CUIHHHH,1
KingArtz21,@SiaranBolaLive Stau gw dulu towel kontol ini ada pemain titipan di timnas u19 kalo ga salah,1
rotten37_,bung towel adalah Samad Sedayu dan Pak Nyet Pogung,0
forgoodpleasure,Towel ini emang anjing,1
ilhmsptwn,Sehat om? @BungTowel,0
indrahasto,@anugrahrezkita Bung Towel aja mau ga?,0
Poacher__23,@indosupporter Awokwoakwkwwo towel tai bener kek bocil cari alasan bangsat ,1
txtdrrlly,ini sebanyak ini gada yg mukul towel anjing? seriusan??,1
akuuuuuupiii,@indosupporter emng tolol towel towel ini,1
izulxd,bacot towel kontol,1
yandislv,masih aja nga ngakuin bung towel anjing,1
Dendy_Santoso89,@CoachJustinL @ernandaputra Sebelas dua belas sama Bung Towel kolom komentar dimatikan Tidak terima Kritik..,0
eljaimcity,@The_RedsIndo Towel goblok!!,1
kaldeeeeee,wkwkwkw ribuan orang kegocek fake akun bung towel ,0
Asswirawan,@BolaBolaAja mending bung towel ganti nama aja jadi bung tolol,1
gladiator429114,@GOAL_ID @BungTowel seseklai ketemu sama seporter diruang terbuka omong gini...lempar kursi ente..,0
GelutMarikita,@rizalputrzs @indosupporter Mendadak jadi otak kardus si towel goblok anjing,1
gianyagia,@GOAL_ID bung towel lagi costplay jadi timothy ronald yang kuat bung,0
oktayudhi,@SuporterFC @BungTowel Sebelumnya memang gak bisa apa-apa sekarang STY bisa berbuat apapun karena banyak yang mendukung,0
wandasulaeman25,@GOAL_ID @shireenwisnu17 Jangan-jangan TW itu bukan Tengku Wisnu tapi Tommy Welly aka bung towel.. pake skin Wisnu!,0
crystalman_9,@JackNoLimit_ @idextratime Bung towel mah mati aja ga guna,1
punjungace,@ainurohman Dulu sangat menantikan penilaian Bung Towel dalam setiap pertandingan timnas karena paling objektif dan risetnya banyak. Saat ini Bung Towel sudah sangat jauh berbeda.,0
Andisantai1,@weexendgolfer @meongmeong1996 @BolaBolaAja OPOSISI KONTOL TOWEL KONTOL NYA KECIL,1
Masnyonnyon,@ainurohman Keren @BungTowel ...,0
gatra1928,Towel kontol buncit bgst,1
SportCornerID,Asisten Shin Tae-yong Sebut-sebut Bung Towel Ada Apa Nih? https://t.co/kk6YGvlQAc,0
theojames4real,@jebreeetmedia Sederhana tapi Bung Towel marah,0
mamiA5UUUUU,Wong tolol emangan towel ki,1
basudewadikara,@medioclubID @GOAL_ID Biarkan aja min stok seperti bung towel itu langka kok tinggal nanti kita buatkan meme aja.,0
Dikala_maghrib,@medioclubID @idn_abroad Seriusan kenapa sih bung towel dikasih panggung terus boleh ga dikasih panggungnya setelah bulan puasa aja? Nih orang dengkian mulu,0
mike_magribi,@MafiaWasit Kl indo msk pildun kita arak bung towel d GBK,0
tribunkaltim,Terjawab Siapa Bung Towel Ini Profil/Biodata Komentator Bola yang Viral Gara-gara Sering Kritik STY https://t.co/DRcUaANPGX lewat @tribunnews,0
Nanangkoy,FEDERASI PODO KOYO UTEKE BUNG TOWEL GOBLOK KALAU LAHIR ARI ARINYA MOTONGNYA SAMPE OTAK YA KAYA KAMU @PSSI @pt_lib BLOON ,1
yandislv,@indosupporter mampus kau bung towel anjing,1
Expeliarmuszzz,@The_RedsIndo Towel ini persi Justin sama2 kontol,1
Ravico27,@SiaranBolaLive @GOAL_ID TOWEL emang anjing,1
tuanmeneerr,@goodattitudeeee @nochillweng @punt0dewo pendapat bung towel pendapat bung ikor chindo enthusiast ,0
kickedreal,Tolong buang Towel dari bumi pertiwi. Sangat tidak bergairah dengan kemenangan Timnas. Ini jelas adanya kebencian pribadi terhadap sty. Bangsat. https://t.co/aFWnsxAUvK,1
Renvlznco,@medioclubID @t10nugroho @HadiGunawan1306 apasih ni orang kontol negara sendiri loh disupport. kena sumpah banyak orang lu towel,1
717_map,@t10nugroho Orang tolol macam towel ga layak jadi komentator,1
BagasBp,@BungTowel TOWEL GOBLOK ,1
Gennjurr,@SiaranBolaLive Dan bung towel di pihak oposisi sbg kritikus,0
Zaeelan_,@GOAL_ID Tapi yg gue heran media media besar malah kasih panggung dan kasih berita tentang statement bung towel ini loh. harusnya sudah lah diam kan saja tidak perlu di beritakan seperti ini. dia dengan statement dia masuk media malah makin makin.,0
WildanRizkyP1,@SuporterFC @BungTowel Bro mafia jersey timnas mau dibongkar partai sosmed ,0
yandislv,selamat sahur semua kecuali bung towel anjing,1
sleepypetter,@ainurohman mau nya apa anda? @BungTowel,0
mr_gantengbange,Towel ini goblok apa gimana sii anjing,1
enhayespa,Bung towel ini kalo gak jd oposisi gak makan. Gak ada engagement ,0
udinnn,MAMPUS TOWEL BACOT,1
Larabubkagmail1,Kritik bung towel itu jauh lebih berbobot dan objektivitasnya lebih terjamin dari kritikan yg keluar dari mulut sampah politikus dan pengamat yg cenderung bersifat hasutan dan rekayasa utk mendiskreditkan pihak lain. Lebih mirip dgn mamak2 yg lagi ngerumpi.,0
fithrul_a,@leirarartup @BungTowel @Bali_Football Agen titip menitip mulai hilang ,0
AaOj3k,@SiaranBolaLive @GOAL_ID Sponsorin min tinju bung towel vs @tirta_cipeng ,0
OtakUdangku,@SiaranBolaLive Lah dapet bung towel ya 127 T juga. Emang dia ada harganya? Di jual pun juga kagak ada yang mau,0
Diieipi,cangkeman asu bajingan towel ajg,1
Agusman61173267,@SiaranBolaLive Gebukin aja tuh towel bajingan,1
prasrzky,lu kontol towel anjing,1
idettia,@idextratime @bliblidotcom Bung Towel,0
Binthung_,@t10nugroho Sebut saja towel goblok kayak saya gitu lo mas nug,1
biarkuat,@MichelAdam7__ Tommy Welly ? bung towel,0
bengbengmaks,@gilabola_ina Anjing towel,1
gustiaditiaa,@GOAL_ID Alhamdulillah Goal Indonesia ngasih penghasilan buat Bung Towel. Goal juga dapat klik. Indahnya berbagi ya min.,0
ZoneVenomWar,Loh di sana ga ada bung towel Vietnam? ...,0
diediemanink,@The_RedsIndo Bung tolol bukan bung towel,1
ALEXANDERTAIP11,@SiaranBolaLive Ternyata bung towel naturalisasi berdarah Vietnam dari kucingnya,0
jenniferwelb,@BungTowel EH TOWEL KONTOL LU GANTI AJA WARGA NEGARA ANJING!!!! @BungTowel MANUSIA BANGSAT LU!! BUKAN ORANG INDONESIA. MATI AJA LU NAJIS !! JIJIK GUA,1
honda_ayam,@JukiHoki Sederhana tapi si towel kontol marah,1
MikelZakharia,@utdabout respect juga buat Ernanda dia tau dia salah minta maaf dan mengakui gak kaya towel udah salah gamau berubah tetep pada pendirian goblok nya itu,1
objectscure,@zenrs setuju masa ada yang bertingkah mendekati fasis dengan cara pengen matiin rezeki bung towel hanya karna dia dipersepsikan ngga suka sama junjungannya anak bola yang goblok banyak,1
JrSinaga3,Bung Towel ini udah keluar dari fitrah kritis yang sebenarnya.. Dia berubah menjadi PEMBENCI entah ia sadar atau tidak.. Boleh jadi ia sadar karena menikmati ketersudutannya dgn terus menyerang #STY @panditfootball @Box2BoxBola @idextratime,0
MuhaiminArdy,@GOAL_ID Lu aja lah jadi pelatih Timnas @BungTowel,0
ParkSooPeer,najis banget towel kontol anjg babi,1
